condition,question_num,company,doc_name,question_type,question,gold_answer,predicted_answer,rouge_f1,exact_match,latency_sec
C0_baseline,1,3M,3M_2018_10K,metrics-generated,What is the FY2018 capital expenditure amount (in USD millions) for 3M? Give a response to the question by relying on the details shown in the cash flow statement.,$1577.00,"The FY2018 capital expenditure amount for 3M is not explicitly provided in the context. However, the context mentions that 3M expects 2019 capital spending to be approximately $1.7 billion to $1.9 billion. For the exact FY2018 capital expenditure amount, one would need to refer to the detailed cash flow statement or the section entitled “Cash Flows from Investing Activities” in the company's financial report.",0.0,0.0,38.65
C0_baseline,2,3M,3M_2018_10K,metrics-generated,Assume that you are a public equities analyst. Answer the following question by primarily using information that is shown in the balance sheet: what is the year end FY2018 net PPNE for 3M? Answer in USD billions.,$8.70,"The year-end FY2018 net property, plant, and equipment (PP&E) for 3M is $8.738 billion.",0.1053,0.0,0.98
C0_baseline,3,3M,3M_2022_10K,domain-relevant,Is 3M a capital-intensive business based on FY2022 data?,"No, the company is managing its CAPEX and Fixed Assets pretty efficiently, which is evident from below key metrics:
CAPEX/Revenue Ratio: 5.1%
Fixed assets/Total Assets: 20%
Return on Assets= 12.4%","Yes, 3M is a capital-intensive business based on FY2022 data. This is evident from its significant investments in property, plant, and equipment, with capital spending amounting to $1.749 billion and net property, plant, and equipment valued at $9.178 billion as of December 31, 2022.",0.1235,0.0,47.31
C0_baseline,4,3M,3M_2022_10K,domain-relevant,"What drove operating margin change as of FY2022 for 3M? If operating margin is not a useful metric for a company like this, then please state that and explain why.","Operating Margin for 3M in FY2022 has decreased by 1.7% primarily due to: 
-Decrease in gross Margin
-mostly one-off charges including Combat Arms Earplugs litigation, impairment related to exiting PFAS manufacturing, costs related to exiting Russia and divestiture-related restructuring
charges","The operating margin change for 3M as of FY2022 was primarily driven by increases in raw materials, logistics, and outsourced manufacturing costs, as well as manufacturing productivity impacts and increased compensation and benefit costs. These factors more than offset the leverage from sales growth and benefits from restructuring actions and lower related charges. Additionally, the company faced challenges such as the shutdown of certain operations in Belgium and investments in auto electrification, which further impacted margins. Adjustments for special items, such as PFAS manufacturing exit costs, also played a role in the reported operating margin changes.",0.1727,0.0,1.3
C0_baseline,5,3M,3M_2022_10K,novel-generated,"If we exclude the impact of M&A, which segment has dragged down 3M's overall growth in 2022?",The consumer segment shrunk by 0.9% organically.,"The Consumer segment has dragged down 3M's overall growth in 2022, with a total sales change of -3.9%.",0.2857,0.0,0.57
C0_baseline,6,3M,3M_2023Q2_10Q,domain-relevant,"Does 3M have a reasonably healthy liquidity profile based on its quick ratio for Q2 of FY2023? If the quick ratio is not relevant to measure liquidity, please state that and explain why.","No. The quick ratio for 3M was 0.96 by Jun'23 close, which needs a bit of an improvement to touch the 1x mark","The quick ratio is a relevant measure to assess a company's liquidity profile as it evaluates the ability to meet short-term obligations with its most liquid assets. However, the provided context does not include specific figures for current assets and current liabilities needed to calculate the quick ratio for 3M in Q2 of FY2023. Therefore, based on the available information, we cannot directly assess 3M's liquidity profile using the quick ratio. Nonetheless, the context indicates that 3M maintains a strong liquidity profile, with primary short-term liquidity needs met through cash on hand and U.S. commercial paper issuances, suggesting a reasonably healthy liquidity position.",0.1053,0.0,17.67
C0_baseline,7,3M,3M_2023Q2_10Q,domain-relevant,Which debt securities are registered to trade on a national securities exchange under 3M's name as of Q2 of 2023?,"Following debt securities registered under 3M's name are listed to trade on the New York Stock Exchange:
-1.500% Notes due 2026 (Trading Symbol: MMM26)
-1.750% Notes due 2030 (Trading Symbol: MMM30)
-1.500% Notes due 2031 (Trading Symbol: MMM31)",The document does not explicitly mention any specific debt securities registered to trade on a national securities exchange under 3M's name as of Q2 of 2023.,0.2029,0.0,0.88
C0_baseline,8,3M,3M_2023Q2_10Q,novel-generated,Does 3M maintain a stable trend of dividend distribution?,"Yes, not only they distribute the dividends on a routine basis, 3M has also been increasing the per share dividend for consecutive 65 years","Yes, 3M maintains a stable trend of dividend distribution, having paid dividends since 1916 and marking the 65th consecutive year of dividend increases in 2023.",0.2449,0.0,0.7
C0_baseline,9,Activision Blizzard,ACTIVISIONBLIZZARD_2019_10K,metrics-generated,What is the FY2019 fixed asset turnover ratio for Activision Blizzard? Fixed asset turnover ratio is defined as: FY2019 revenue / (average PP&E between FY2018 and FY2019). Round your answer to two decimal places. Base your judgments on the information provided primarily in the statement of income and the statement of financial position.,24.26,"To calculate the fixed asset turnover ratio for Activision Blizzard for FY2019, we need to use the formula:

\[ \text{Fixed Asset Turnover Ratio} = \frac{\text{FY2019 Revenue}}{\text{Average PP\&E}} \]

From the provided information, the FY2019 revenue is $6,489 million.

The property, plant, and equipment (PP&E) values are:
- At December 31, 2019: $253 million
- At December 31, 2018: $282 million

The average PP&E for FY2019 is calculated as:

\[ \text{Average PP\&E} = \frac{253 + 282}{2} = 267.5 \text{ million} \]

Now, calculate the fixed asset turnover ratio:

\[ \text{Fixed Asset Turnover Ratio} = \frac{6,489}{267.5} \approx 24.26 \]

Therefore, the FY2019 fixed asset turnover ratio for Activision Blizzard is approximately 24.26.",0.0333,1.0,25.91
C0_baseline,10,Activision Blizzard,ACTIVISIONBLIZZARD_2019_10K,metrics-generated,What is the FY2017 - FY2019 3 year average of capex as a % of revenue for Activision Blizzard? Answer in units of percents and round to one decimal place. Calculate (or extract) the answer from the statement of income and the cash flow statement.,1.9%,"The provided context does not include the cash flow statement or specific capital expenditure (capex) figures, which are necessary to calculate capex as a percentage of revenue. To determine the average capex as a percentage of revenue for FY2017 - FY2019, you would need the capex figures from the cash flow statements for each year and the total net revenues from the income statement.

Since the capex figures are not provided, I cannot calculate the average capex as a percentage of revenue. You would need to refer to the cash flow statements for each year to find the capex amounts and then use the total net revenues from the income statement to perform the calculation.",0.0,0.0,2.36
C0_baseline,11,AES Corporation,AES_2022_10K,domain-relevant,What is the quantity of restructuring costs directly outlined in AES Corporation's income statements for FY2022? If restructuring costs are not explicitly outlined then state 0.,0,0,1.0,1.0,43.14
C0_baseline,12,AES Corporation,AES_2022_10K,domain-relevant,Roughly how many times has AES Corporation sold its inventory in FY2022? Calculate inventory turnover ratio for the FY2022; if conventional inventory management is not meaningful for the company then state that and explain why.,AES has converted inventory 9.5 times in FY 2022.,"The inventory turnover ratio is calculated by dividing the cost of goods sold (COGS) by the average inventory. However, the provided document does not include specific figures for COGS or inventory levels, which are necessary to calculate the inventory turnover ratio. 

In the context of AES Corporation, which operates in the energy sector, conventional inventory management may not be as meaningful. This is because companies in the energy sector typically deal with large-scale infrastructure and long-term projects rather than traditional inventory like raw materials or finished goods. Therefore, inventory turnover ratios are not typically a key performance indicator for such companies.",0.0531,0.0,1.71
C0_baseline,13,AES Corporation,AES_2022_10K,metrics-generated,"Based on the information provided primarily in the statement of financial position and the statement of income, what is AES's FY2022 return on assets (ROA)? ROA is defined as: FY2022 net income / (average total assets between FY2021 and FY2022). Round your answer to two decimal places.",-0.02,"To calculate the Return on Assets (ROA) for AES in FY2022, we need to use the formula:

\[ \text{ROA} = \frac{\text{Net Income}}{\text{Average Total Assets}} \]

From the provided data:
- FY2022 Net Income (Loss) = \(-546\) million USD
- Total Assets at the end of FY2022 = 7,575 million USD
- Total Assets at the end of FY2021 = 7,525 million USD

First, calculate the average total assets:

\[ \text{Average Total Assets} = \frac{7,575 + 7,525}{2} = 7,550 \text{ million USD} \]

Now, calculate the ROA:

\[ \text{ROA} = \frac{-546}{7,550} \approx -0.0723 \]

Rounded to two decimal places, the ROA is:

\[ \text{ROA} \approx -7.23\% \]",0.0183,0.0,2.54
C0_baseline,14,Amazon,AMAZON_2017_10K,metrics-generated,What is Amazon's FY2017 days payable outstanding (DPO)? DPO is defined as: 365 * (average accounts payable between FY2016 and FY2017) / (FY2017 COGS + change in inventory between FY2016 and FY2017). Round your answer to two decimal places. Address the question by using the line items and information shown within the balance sheet and the P&L statement.,93.86,"To calculate Amazon's FY2017 Days Payable Outstanding (DPO), we need to follow these steps:

1. **Calculate the average accounts payable:**
   - Accounts payable at the end of FY2016: $25,309 million
   - Accounts payable at the end of FY2017: $34,616 million
   - Average accounts payable = (25,309 + 34,616) / 2 = $29,962.5 million

2. **Determine the Cost of Goods Sold (COGS) for FY2017:**
   - COGS for FY2017: $111,934 million

3. **Calculate the change in inventory:**
   - Inventory at the end of FY2016: $11,461 million
   - Inventory at the end of FY2017: $16,047 million
   - Change in inventory = 16,047 - 11,461 = $4,586 million

4. **Calculate DPO:**
   - DPO = 365 * (Average Accounts Payable) / (COGS + Change in Inventory)
   - DPO = 365 * 29,962.5 / (111,934 + 4,586)
   - DPO = 365 * 29,962.5 / 116,520
   - DPO ≈ 93.84

Therefore, Amazon's FY2017 Days Payable Outstanding (DPO) is approximately 93.84 days.",0.0134,0.0,10.99
C0_baseline,15,Amazon,AMAZON_2017_10K,metrics-generated,What is Amazon's year-over-year change in revenue from FY2016 to FY2017 (in units of percents and round to one decimal place)? Calculate what was asked by utilizing the line items clearly shown in the statement of income.,30.8%,Amazon's year-over-year change in revenue from FY2016 to FY2017 is 30.8%.,0.2353,1.0,1.53
C0_baseline,16,Amazon,AMAZON_2019_10K,metrics-generated,"By drawing conclusions from the information stated only in the income statement, what is Amazon's FY2019 net income attributable to shareholders (in USD millions)?",$11588.00,"Amazon's FY2019 net income attributable to shareholders is $11,588 million.",0.0,0.0,9.3
C0_baseline,17,Amcor,AMCOR_2020_10K,metrics-generated,What is Amcor's year end FY2020 net AR (in USD millions)? Address the question by adopting the perspective of a financial analyst who can only use the details shown within the balance sheet.,$1616.00,"Amcor's year-end FY2020 net accounts receivable (AR) is $1,615.9 million.",0.0,0.0,15.24
C0_baseline,18,Amcor,AMCOR_2022_8K_dated-2022-07-01,novel-generated,What was the key agenda of the AMCOR's 8k filing dated 1st July 2022?,"Amcor Finance (USA), Inc. and Amcor Flexibles North America, Inc., entered into supplemental indentures relating to Guaranteed Senior Notes due 2026 and 2028. This involved the substitution of the Substitute Issuer (Amcor Flexibles North America) for the Former Issuer (Amcor Finance) and the assumption of covenants under the indentures. (In essence a novation agreement)","The key agenda of Amcor's 8-K filing dated July 1, 2022, was to report the entry into the First and Second Supplemental Indentures, which involved the substitution of Amcor Flexibles North America, Inc. as the issuer in place of Amcor Finance (USA), Inc. for certain guaranteed senior notes, and the assumption of the covenants of the former issuer under the Indentures.",0.4103,0.0,3.72
C0_baseline,19,Amcor,AMCOR_2023_10K,domain-relevant,"Has AMCOR's quick ratio improved or declined between FY2023 and FY2022? If the quick ratio is not something that a financial analyst would ask about a company like this, then state that and explain why.",The quick ratio has slightly improved from 0.67 times to 0.69 times between FY 2023 and FY 2022.(3.4% jump),"The quick ratio is a measure of a company's ability to meet its short-term obligations with its most liquid assets. It is calculated as (Current Assets - Inventories) / Current Liabilities.

For Amcor plc:

- **FY2023:**
  - Current Assets = $5,308 million
  - Inventories = $992 million (Raw materials and supplies) + $1,221 million (Work in process and finished goods) = $2,213 million
  - Current Liabilities = $4,476 million
  - Quick Ratio = ($5,308 million - $2,213 million) / $4,476 million = $3,095 million / $4,476 million ≈ 0.69

- **FY2022:**
  - Current Assets = $5,853 million
  - Inventories = $1,114 million (Raw materials and supplies) + $1,325 million (Work in process and finished goods) = $2,439 million
  - Current Liabilities = $5,103 million
  - Quick Ratio = ($5,853 million - $2,439 million) / $5,103 million = $3,414 million / $5,103 million ≈ 0.67

The quick ratio has slightly improved from approximately 0.67 in FY2022 to approximately 0.69 in FY2023. This indicates a marginal improvement in Amcor's ability to cover its short-term liabilities with its most liquid assets.",0.1237,0.0,25.21
C0_baseline,20,Amcor,AMCOR_2023_10K,domain-relevant,"What are major acquisitions that AMCOR has done in FY2023, FY2022 and FY2021?","Amcor completed these acquisitions during FY2023:
-100% equity interest of a flexibles manufacturing company in the Czech Republic
- 100% equity interest in a medical device packaging manufacturing site in
Shanghai, China.
-acquisition of a New Zealand-based leading manufacturer of state-of-the-art, automated protein
packaging machines.","In FY2023, Amcor signed an agreement to acquire a small manufacturer of flexible packaging for food, home care, and personal care applications in India. There are no major acquisitions mentioned for FY2022 and FY2021 in the provided context.",0.1628,0.0,1.24
C0_baseline,21,Amcor,AMCOR_2023_10K,domain-relevant,What industry does AMCOR primarily operate in?,Amcor is a global leader in packaging production for various use cases.,Amcor primarily operates in the packaging industry.,0.3158,0.0,0.62
C0_baseline,22,Amcor,AMCOR_2023_10K,domain-relevant,"Does AMCOR have an improving gross margin profile as of FY2023? If gross margin is not a useful metric for a company like this, then state that and explain why.",No. For AMCOR there has been a slight decline in gross margins by 0.8%.,"Amcor's gross margin profile does not show improvement as of FY2023. The gross profit decreased from $2,820 million in FY2022 to $2,725 million in FY2023, despite an increase in net sales from $14,544 million to $14,694 million. This resulted in a decrease in the gross margin percentage. Gross margin is a useful metric for a company like Amcor, which operates in the packaging industry, as it reflects the efficiency of production and the ability to manage costs relative to sales. The decline in gross profit indicates challenges in maintaining cost efficiency or pricing power during FY2023.",0.0862,0.0,2.86
C0_baseline,23,Amcor,AMCOR_2023Q2_10Q,novel-generated,What is the nature & purpose of AMCOR's restructuring liability as oF Q2 of FY2023 close?,87% of the total restructuring liability is related Employee liabilities.,"As of the close of Q2 of FY2023, Amcor's restructuring liability primarily relates to restructuring activities associated with the Russia-Ukraine conflict and the integration of acquired Bemis operations, which was substantially completed by the end of fiscal year 2022. The restructuring and related expenses are mainly attributed to the Flexibles reportable segment. The liability includes costs related to employee expenses, fixed asset-related costs, and other costs, with a total liability balance of $93 million as of December 31, 2022. The company expects the majority of this liability to be paid within the next twelve months.",0.1296,0.0,8.13
C0_baseline,24,Amcor,AMCOR_2023Q4_EARNINGS,novel-generated,What Was AMCOR's Adjusted Non GAAP EBITDA for FY 2023,"AMCOR's Adj. EBITDA was $2,018mn in FY 2023","Amcor's adjusted non-GAAP EBITDA for fiscal year 2023 was $2,018 million.",0.4167,0.0,2.08
C0_baseline,25,Amcor,AMCOR_2023Q4_EARNINGS,novel-generated,"How much was the Real change in Sales for AMCOR in FY 2023 vs FY 2022, if we exclude the impact of FX movement, passthrough costs and one-off items?",The Real Growth was flat in FY 2023 vs FY 2022.,"The real change in sales for Amcor in FY 2023 compared to FY 2022, excluding the impact of foreign exchange movements, passthrough costs, and one-off items, was 0% on a comparable constant currency basis.",0.3043,0.0,0.86
C0_baseline,26,AMD,AMD_2015_10K,metrics-generated,"Answer the following question as if you are an equity research analyst and have lost internet connection so you do not have access to financial metric providers. According to the details clearly outlined within the P&L statement and the statement of cash flows, what is the FY2015 depreciation and amortization (D&A from cash flow statement) % margin for AMD?",4.2%,ERROR: Stream has ended unexpectedly,0.0,0.0,0.0
C0_baseline,27,AMD,AMD_2022_10K,domain-relevant,"Does AMD have a reasonably healthy liquidity profile based on its quick ratio for FY22? If the quick ratio is not relevant to measure liquidity, please state that and explain why.","Yes. The quick ratio is 1.57, calculated as (cash and cash equivalents+Short term investments+Accounts receivable, net+receivables from related parties)/ (current liabilities).","The quick ratio is a relevant measure to assess a company's liquidity profile as it indicates the ability to meet short-term liabilities with its most liquid assets. However, the provided context does not include specific financial data such as current assets, inventory, or current liabilities, which are necessary to calculate the quick ratio for AMD for FY22. Therefore, based on the given information, it is not possible to determine AMD's liquidity profile using the quick ratio. To assess AMD's liquidity, one would need to refer to their financial statements for the fiscal year 2022.",0.1463,0.0,21.11
C0_baseline,28,AMD,AMD_2022_10K,domain-relevant,What are the major products and services that AMD sells as of FY22?,"AMD sells server microprocessors (CPUs) and graphics processing units (GPUs), data processing units (DPUs), Field Programmable Gate Arrays (FPGAs), and Adaptive System-on-Chip (SoC) products for data centers; CPUs, accelerated processing units (APUs) that integrate CPUs and GPUs, and chipsets for desktop and notebook personal computers; discrete GPUs, and semi-custom SoC products and development services; and embedded CPUs, GPUs, APUs, FPGAs, and Adaptive SoC products.","As of FY22, AMD sells x86 microprocessors (CPUs), graphics processing units (GPUs), accelerated processing units (APUs), chipsets, data center and professional GPUs, embedded processors, semi-custom System-on-Chip (SoC) products, microprocessor and SoC development services and technology, data processing units (DPUs), Field Programmable Gate Arrays (FPGAs), and Adaptive SoC products. Additionally, AMD may sell or license portions of its intellectual property (IP) portfolio.",0.4275,0.0,1.14
C0_baseline,29,AMD,AMD_2022_10K,domain-relevant,What drove revenue change as of the FY22 for AMD?,"In 2022, AMD reported Higher sales of their EPYC server processors, higher semi-custom product sales, and the inclusion of Xilinx embedded product sales","The revenue change for AMD in FY22 was driven by a 64% increase in Data Center segment revenue due to higher sales of EPYC server processors, a 21% increase in Gaming segment revenue primarily due to higher semi-custom product sales, and a significant increase in Embedded segment revenue due to the inclusion of Xilinx embedded product sales. This growth was partially offset by a 10% decrease in Client segment revenue due to lower processor shipments driven by a weak PC market and significant inventory correction actions across the PC supply chain.",0.3448,0.0,1.38
C0_baseline,30,AMD,AMD_2022_10K,domain-relevant,"What drove operating margin change as of the FY22 for AMD? If operating margin is not a useful metric for a company like this, then please state that and explain why.",The decrease in AMD's operating income was primarily driven by amortization of intangible assets associated with the Xilinx acquisition,"The operating margin change for AMD in FY22 was primarily driven by lower revenue and higher operating expenses. The decrease in revenue was due to a 24% decrease in unit shipments, partially offset by a 19% increase in average selling price. The increase in operating expenses was attributed to factors outlined under ""Expenses"" in their financial report. Operating margin is a useful metric for AMD as it reflects the company's ability to manage its costs relative to its revenue, providing insight into its operational efficiency and profitability.",0.1296,0.0,1.91
C0_baseline,31,AMD,AMD_2022_10K,domain-relevant,"Among operations, investing, and financing activities, which brought in the most (or lost the least) cash flow for AMD in FY22?","In 2022, AMD brought in the most cashflow from Operations","Operating activities brought in the most cash flow for AMD in FY22, with net cash provided amounting to $3,565 million.",0.2581,0.0,0.81
C0_baseline,32,AMD,AMD_2022_10K,novel-generated,"From FY21 to FY22, excluding Embedded, in which AMD reporting segment did sales proportionally increase the most?",Data Center,"From FY21 to FY22, excluding Embedded, the AMD reporting segment in which sales proportionally increased the most was the Data Center segment, with a 64% increase in net revenue.",0.129,1.0,1.21
C0_baseline,33,AMD,AMD_2022_10K,novel-generated,Did AMD report customer concentration in FY22?,"Yes, one customer accounted for 16% of consolidated net revenue","Yes, AMD reported that a small number of customers continued to account for a substantial part of its revenue in FY22.",0.3871,0.0,0.7
C0_baseline,34,American Express,AMERICANEXPRESS_2022_10K,domain-relevant,Which debt securities are registered to trade on a national securities exchange under American Express' name as of 2022?,There are none,"As of 2022, the debt securities registered to trade on a national securities exchange under American Express' name are the Common Shares (par value $0.20 per Share) with the trading symbol AXP on the New York Stock Exchange.",0.0476,0.0,35.1
C0_baseline,35,American Express,AMERICANEXPRESS_2022_10K,domain-relevant,What are the geographies that American Express primarily operates in as of 2022?,"United States, EMEA, APAC, and LACC","As of 2022, American Express primarily operates in the United States, Canada, Mexico, various countries in Europe (including the United Kingdom, Spain, France, Italy, Germany, and the Netherlands), Asia (including India, China, Japan, and Malaysia), Australia, New Zealand, and several countries in the Middle East and Latin America.",0.1111,0.0,1.27
C0_baseline,36,American Express,AMERICANEXPRESS_2022_10K,domain-relevant,"Does AMEX have an improving operating margin profile as of 2022? If operating margin is not a useful metric for a company like this, then state that and explain why.",Performance is not measured through operating margin,"Operating margin may not be the most useful metric for evaluating a company like American Express (AMEX), which operates in the financial services sector. Companies in this sector typically focus on metrics such as net income, return on equity (ROE), and credit metrics rather than traditional operating margins. This is because financial services companies have unique revenue and expense structures, with significant portions of their income derived from interest and fees rather than traditional sales revenue. Additionally, AMEX's performance is often assessed based on its ability to manage credit risk, grow its card member base, and expand merchant acceptance, as well as its capital adequacy and liquidity positions. Therefore, while operating margin is a common metric for many industries, it is less applicable for financial services companies like AMEX.",0.0584,0.0,2.03
C0_baseline,37,American Express,AMERICANEXPRESS_2022_10K,domain-relevant,"What drove gross margin change as of the FY2022 for American Express? If gross margin is not a useful metric for a company like this, then please state that and explain why.",Performance is not measured through gross margin,"Gross margin is not a particularly useful metric for a company like American Express, which operates primarily in the financial services sector. Instead, key performance indicators for such companies typically include metrics like net income, provisions for credit losses, and expenses related to card member rewards and services. For American Express, changes in financial performance for FY2022 were driven by factors such as reserve builds for credit losses, higher card member rewards expenses due to increased billed business, and higher business development expenses. These elements are more indicative of the company's financial health and operational efficiency than gross margin would be.",0.0734,0.0,2.46
C0_baseline,38,American Express,AMERICANEXPRESS_2022_10K,domain-relevant,How much has the effective tax rate of American Express changed between FY2021 and FY2022?,The effective tax rate for American Express has changed/dropped from 24.6% in FY 2021 to 21.6% in FY 2022.,The effective tax rate of American Express decreased by 3.0 percentage points from 24.6% in FY2021 to 21.6% in FY2022.,0.6222,0.0,1.4
C0_baseline,39,American Express,AMERICANEXPRESS_2022_10K,novel-generated,What was the largest liability in American Express's Balance Sheet in 2022?,Customer deposits,"The largest liability in American Express's Balance Sheet in 2022 was the financial liabilities for which carrying values equal or approximate fair value, amounting to $123 billion.",0.0,0.0,0.68
C0_baseline,40,American Express,AMERICANEXPRESS_2022_10K,novel-generated,Was American Express able to retain card members during 2022?,Yes,"Yes, American Express was able to retain card members during 2022. The company reported having 56.5 million cards-in-force issued by third parties worldwide as of December 31, 2022.",0.0625,1.0,0.82
C0_baseline,41,American Water Works,AMERICANWATERWORKS_2020_10K,metrics-generated,How much (in USD billions) did American Water Works pay out in cash dividends for FY2020? Compute or extract the answer by primarily using the details outlined in the statement of cash flows.,$0.40,American Water Works paid out $0.4 billion in cash dividends for FY2020.,0.1333,0.0,16.42
C0_baseline,42,American Water Works,AMERICANWATERWORKS_2021_10K,metrics-generated,"Basing your judgments off of the cash flow statement and the income statement, what is American Water Works's FY2021 unadjusted operating income + depreciation and amortization from the cash flow statement (unadjusted EBITDA) in USD millions?",$1832.00,"American Water Works's FY2021 unadjusted operating income is $1,196 million, and depreciation and amortization from the cash flow statement is $636 million. Therefore, the unadjusted EBITDA for FY2021 is $1,832 million.",0.0,0.0,17.63
C0_baseline,43,American Water Works,AMERICANWATERWORKS_2022_10K,domain-relevant,"Does American Water Works have positive working capital based on FY2022 data? If working capital is not a useful or relevant metric for this company, then please state that and explain why.","No, American Water Works had negative working capital of -$1561M in FY 2022.","Yes, American Water Works has positive working capital based on FY2022 data. Working capital is calculated as current assets minus current liabilities. From the provided data, the total current assets for December 31, 2022, are $1,250 million. Although the current liabilities are not explicitly listed in the provided context, the presence of positive working capital can be inferred from the fact that the company has a substantial amount of current assets, including cash and cash equivalents, accounts receivable, and other current assets. Therefore, it is reasonable to conclude that American Water Works has positive working capital for FY2022.",0.1071,0.0,39.35
C0_baseline,44,Best Buy,BESTBUY_2017_10K,metrics-generated,"In agreement with the information outlined in the income statement, what is the FY2015 - FY2017 3 year average net profit margin (as a %) for Best Buy? Answer in units of percents and round to one decimal place.",2.8%,"To calculate the 3-year average net profit margin for Best Buy from FY2015 to FY2017, we need to use the formula:

\[ \text{Net Profit Margin} = \left( \frac{\text{Net Earnings}}{\text{Revenue}} \right) \times 100 \]

Using the data provided:

- FY2015:
  - Net Earnings: $1,235 million
  - Revenue: $40,339 million
  - Net Profit Margin = \(\left( \frac{1,235}{40,339} \right) \times 100 = 3.1\%\)

- FY2016:
  - Net Earnings: $897 million
  - Revenue: $39,528 million
  - Net Profit Margin = \(\left( \frac{897}{39,528} \right) \times 100 = 2.3\%\)

- FY2017:
  - Net Earnings: $1,228 million
  - Revenue: $39,403 million
  - Net Profit Margin = \(\left( \frac{1,228}{39,403} \right) \times 100 = 3.1\%\)

Now, calculate the average of these net profit margins:

\[ \text{Average Net Profit Margin} = \frac{3.1 + 2.3 + 3.1}{3} = 2.8\% \]

Therefore, the 3-year average net profit margin for Best Buy from FY2015 to FY2017 is 2.8%.",0.026,1.0,17.0
C0_baseline,45,Best Buy,BESTBUY_2019_10K,metrics-generated,What is the year end FY2019 total amount of inventories for Best Buy? Answer in USD millions. Base your judgments on the information provided primarily in the balance sheet.,$5409.00,"The year-end FY2019 total amount of inventories for Best Buy is not explicitly provided in the context you shared. To find this information, you would typically need to refer to the balance sheet section of the financial statements in the Form 10-K. If you have access to the balance sheet, you can locate the inventories line item under current assets to find the exact figure.",0.0,0.0,14.25
C0_baseline,46,Best Buy,BESTBUY_2023_10K,domain-relevant,"Are Best Buy's gross margins historically consistent (not fluctuating more than roughly 2% each year)? If gross margins are not a relevant metric for a company like this, then please state that and explain why.","Yes, the margins have been consistent, there has been a minor decline of 1.1% in gross margins between FY2022 and FY2023.","Yes, Best Buy's gross margins have been historically consistent, fluctuating within a range of roughly 1% each year. For fiscal years 2021, 2022, and 2023, the gross profit as a percentage of revenue was 22.4%, 22.5%, and 21.4%, respectively. This indicates a relatively stable gross margin over these years. Gross margins are a relevant metric for a company like Best Buy as they reflect the efficiency of its core retail operations and its ability to manage costs relative to sales.",0.2075,0.0,9.58
C0_baseline,47,Best Buy,BESTBUY_2023_10K,domain-relevant,"What are major acquisitions that Best Buy has done in FY2023, FY2022 and FY2021?","Best Buy closed two acquisitions, both these companies were already partially owned by Best Buy, but Best Buy acquired all outstanding shares of these two companies during FY 2022: (1) Current Health Ltd and (2) Two Peaks, LLC d/b/a Yardbird Furniture","In fiscal 2022, Best Buy acquired all of the outstanding shares of Current Health Ltd. and Two Peaks, LLC d/b/a Yardbird Furniture. There were no major acquisitions mentioned for fiscal 2023 and fiscal 2021 in the provided context.",0.4578,0.0,1.48
C0_baseline,48,Best Buy,BESTBUY_2023_10K,domain-relevant,"Among operations, investing, and financing activities, which brought in the most (or lost the least) cash flow for Best Buy in FY2023?",Best Buy generated the most cash flow from operating activities in FY 2023 ($1.8 bn),"In FY2023, operating activities brought in the most cash flow for Best Buy.",0.2759,0.0,0.8
C0_baseline,49,Best Buy,BESTBUY_2024Q2_10Q,novel-generated,Was there any drop in Cash & Cash equivalents between FY 2023 and Q2 of FY2024?,"Yes, there was a decline of ~42% between FY2023 and Q2 of FY 2024.","Yes, there was a drop in cash and cash equivalents between FY 2023 and the second quarter of FY 2024. Cash, cash equivalents, and restricted cash decreased from $2,253 million at the beginning of the period to $1,491 million at the end of the period.",0.2951,0.0,4.68
C0_baseline,50,Best Buy,BESTBUY_2024Q2_10Q,novel-generated,Was there any change in the number of Best Buy stores between Q2 of FY2024 and FY2023?,"Yes, there is decline in number stores by 1.32% from 982 stores in Q2 FY 2023 to 969 by the end of Q2 FY2024.","Yes, there was a decrease in the number of Best Buy stores between Q2 of FY2024 and FY2023. The number of Best Buy stores decreased from 930 at the end of Q2 FY2023 to 907 at the end of Q2 FY2024.",0.3939,0.0,1.15
C0_baseline,51,Best Buy,BESTBUY_2024Q2_10Q,novel-generated,Which Best Buy product category performed the best (by top line) in the domestic (USA) Market during Q2 of FY2024?,"The entertainment segment experienced the highest growth of 9% during Q2 FY2024, primarily from gaming division.","The ""Computing and Mobile Phones"" category performed the best by top line in the domestic (USA) market during Q2 of FY2024, with revenue of $3,674 million.",0.2326,0.0,1.04
C0_baseline,52,Block,BLOCK_2016_10K,metrics-generated,"Considering the data in the balance sheet, what is Block's (formerly known as Square) FY2016 working capital ratio? Define working capital ratio as total current assets divided by total current liabilities. Round your answer to two decimal places.",1.73,"The working capital ratio for Block (formerly known as Square) for FY2016 is calculated as total current assets divided by total current liabilities. 

From the balance sheet data:
- Total current assets for 2016 = $1,001,425 thousand
- Total current liabilities for 2016 = $577,464 thousand

Working capital ratio = Total current assets / Total current liabilities = $1,001,425 / $577,464 ≈ 1.73

Therefore, the working capital ratio is 1.73.",0.0563,1.0,16.15
C0_baseline,53,Block,BLOCK_2020_10K,metrics-generated,What is the FY2019 - FY2020 total revenue growth rate for Block (formerly known as Square)? Answer in units of percents and round to one decimal place. Approach the question asked by assuming the standpoint of an investment banking analyst who only has access to the statement of income.,101.5%,The total revenue growth rate for Block (formerly known as Square) from FY2019 to FY2020 is 101.4%.,0.1,0.0,20.38
C0_baseline,54,Block,BLOCK_2020_10K,metrics-generated,"Using the cash flow statement, answer the following question to the best of your abilities: how much did Block (formerly known as Square) generate in cash flow from operating activities in FY2020? Answer in USD millions.",$382.00,Block (formerly known as Square) generated $381.6 million in cash flow from operating activities in FY2020.,0.0,0.0,0.83
C0_baseline,55,Boeing,BOEING_2018_10K,metrics-generated,"We need to calculate a financial metric by using information only provided within the balance sheet. Please answer the following question: what is Boeing's year end FY2018 net property, plant, and equipment (in USD millions)?",$12645.00,"Boeing's year-end FY2018 net property, plant, and equipment is $12,645 million.",0.0,0.0,13.68
C0_baseline,56,Boeing,BOEING_2022_10K,domain-relevant,Are there any product categories / service categories that represent more than 20% of Boeing's revenue for FY2022?,"Yes. Boeing has product and service categories that represent more than 20% of Boeing's revenue for FY2022. These categories are Commercial Airplanes which comprises 39% of total revenue, Defence which comprises 35% of total revenue and Services which comprises 26% of total revenue.","Yes, the product category ""Commercial Airplanes"" and the service category ""Global Services"" each represent more than 20% of Boeing's revenue for FY2022. Commercial Airplanes accounted for approximately 39% of total revenues, and Global Services accounted for approximately 26% of total revenues.",0.6279,0.0,22.46
C0_baseline,57,Boeing,BOEING_2022_10K,domain-relevant,Has Boeing reported any materially important ongoing legal battles from FY2022?,Yes. Multiple lawsuits have been filed against Boeing resulting from a 2018 Lion Air crash and a 2019 Ethiopian Airlines crash.,"Yes, Boeing has reported ongoing legal battles related to the October 29, 2018, accident of Lion Air Flight 610 and the March 10, 2019, accident of Ethiopian Airlines Flight 302. Additionally, there is an ongoing arbitration dispute with Embraer S.A. regarding the termination of joint venture agreements. Boeing cannot reasonably estimate a range of loss, if any, from these legal matters.",0.2169,0.0,1.23
C0_baseline,58,Boeing,BOEING_2022_10K,domain-relevant,"Does Boeing have an improving gross margin profile as of FY2022? If gross margin is not a useful metric for a company like this, then state that and explain why.","Yes. Boeing has an improving gross margin profile as of FY2022. Gross profit improved from $3,017 million in FY2021 to $3,502 million in FY2022. Gross margin % improved from 4.8% in FY2021 to 5.3% in FY2022.","Boeing's gross margin profile is not explicitly detailed in the provided financial data, as the company does not break down gross margin separately in its financial statements. Instead, Boeing reports total revenues and total costs and expenses, which include cost of products and services, general and administrative expenses, and research and development expenses. For a company like Boeing, which operates in complex industries such as aerospace and defense, gross margin is not typically the primary focus. Instead, operating margins and net income are more relevant metrics, as they account for the broader range of costs and expenses associated with manufacturing, research, and development, as well as administrative functions. As of FY2022, Boeing's operating margins were negative, indicating challenges in profitability despite revenue growth.",0.1341,0.0,1.53
C0_baseline,59,Boeing,BOEING_2022_10K,domain-relevant,Who are the primary customers of Boeing as of FY2022?,Boeing's primary customers as of FY2022 are a limited number of commercial airlines and the US government. The US government accounted for 40% of Boeing's total revenues in FY2022.,"The primary customers of Boeing as of FY2022 are commercial airlines and defense, space, and security organizations. The Commercial Airplanes segment serves the commercial airline industry worldwide, while the Defense, Space & Security segment caters to military and government entities. Additionally, Boeing Global Services provides services to both commercial and defense customers globally.",0.3133,0.0,1.08
C0_baseline,60,Boeing,BOEING_2022_10K,novel-generated,Is Boeing's business subject to cyclicality?,"Yes, Boeing's business is subject to cyclicality due to its exposure to the airline industry which is a cyclical industry.","Yes, Boeing's business is subject to cyclicality. The aerospace industry, particularly the commercial aviation segment, is influenced by economic cycles, which affect airline travel demand and, consequently, the demand for new aircraft. Economic downturns can lead to reduced airline profitability and delays in aircraft orders, while economic upturns can increase demand for air travel and new aircraft. Additionally, government defense budgets, which impact Boeing's Defense, Space & Security segment, can also be cyclical and subject to political and economic factors.",0.2353,0.0,2.39
C0_baseline,61,Boeing,BOEING_2022_10K,novel-generated,What production rate changes is Boeing forecasting for FY2023?,"Boeing forecasts an increase in the production rates for the 737, 777X and 787 aircrafts in 2023.",Boeing is forecasting to gradually return to a production rate of 5 units per month for the 787 program in 2023.,0.4737,0.0,0.85
C0_baseline,62,Boeing,BOEING_2022_10K,novel-generated,How does Boeing's effective tax rate in FY2022 compare to FY2021?,"Effective tax rate in FY2022 was 0.62%, compared to  -14.76% in FY2021.","Boeing's effective tax rate in FY2022 was -0.6%, compared to 14.8% in FY2021.",0.8,0.0,1.39
C0_baseline,63,Coca-Cola,COCACOLA_2017_10K,metrics-generated,What is the FY2017 return on assets (ROA) for Coca Cola? ROA is defined as: FY2017 net income / (average total assets between FY2016 and FY2017). Round your answer to two decimal places. Give a response to the question by relying on the details shown in the balance sheet and the P&L statement.,0.01,"To calculate the Return on Assets (ROA) for Coca-Cola for FY2017, we use the formula:

\[ \text{ROA} = \frac{\text{Net Income}}{\text{Average Total Assets}} \]

From the provided data:
- FY2017 Net Income = $1,283 million
- Total Assets for FY2016 = $87,270 million
- Total Assets for FY2017 = $87,896 million

First, calculate the average total assets:

\[ \text{Average Total Assets} = \frac{87,270 + 87,896}{2} = 87,583 \text{ million} \]

Now, calculate the ROA:

\[ \text{ROA} = \frac{1,283}{87,583} \approx 0.01465 \]

Convert this to a percentage:

\[ \text{ROA} \approx 1.47\% \]

Therefore, the FY2017 Return on Assets (ROA) for Coca-Cola is approximately 1.47%.",0.0182,1.0,49.5
C0_baseline,64,Coca-Cola,COCACOLA_2021_10K,metrics-generated,What is Coca Cola's FY2021 COGS % margin? Calculate what was asked by utilizing the line items clearly shown in the income statement.,39.7%,"Coca-Cola's Cost of Goods Sold (COGS) for FY2021 was $15,357 million, and the Net Operating Revenues were $38,655 million. To calculate the COGS percentage margin, use the formula:

\[ \text{COGS \% Margin} = \left( \frac{\text{COGS}}{\text{Net Operating Revenues}} \right) \times 100 \]

\[ \text{COGS \% Margin} = \left( \frac{15,357}{38,655} \right) \times 100 \approx 39.73\% \]

Therefore, Coca-Cola's COGS percentage margin for FY2021 was approximately 39.73%.",0.0263,0.0,30.88
C0_baseline,65,Coca-Cola,COCACOLA_2022_10K,metrics-generated,What is Coca Cola's FY2022 dividend payout ratio (using total cash dividends paid and net income attributable to shareholders)? Round answer to two decimal places. Answer the question asked by assuming you only have access to information clearly displayed in the cash flow statement and the income statement.,0.8,"Coca-Cola's FY2022 dividend payout ratio is calculated as follows:

Dividend Payout Ratio = (Total Cash Dividends Paid / Net Income Attributable to Shareowners) × 100

From the cash flow statement, the total cash dividends paid in 2022 is $7,616 million. From the income statement, the net income attributable to shareowners in 2022 is $9,542 million.

Dividend Payout Ratio = ($7,616 / $9,542) × 100 = 79.79%

Therefore, Coca-Cola's FY2022 dividend payout ratio is 79.79%.",0.0,0.0,31.58
C0_baseline,66,Corning,CORNING_2020_10K,metrics-generated,"Based on the information provided primarily in the balance sheet and the statement of income, what is FY2020 days payable outstanding (DPO) for Corning? DPO is defined as: 365 * (average accounts payable between FY2019 and FY2020) / (FY2020 COGS + change in inventory between FY2019 and FY2020). Round your answer to two decimal places.",63.86,"To calculate the Days Payable Outstanding (DPO) for Corning for FY2020, we need the following information:

1. **Average Accounts Payable**: This is the average of accounts payable at the end of FY2019 and FY2020. However, the specific accounts payable figures are not provided in the context. If they were available, the formula would be:
   \[
   \text{Average Accounts Payable} = \frac{\text{Accounts Payable FY2019} + \text{Accounts Payable FY2020}}{2}
   \]

2. **Cost of Goods Sold (COGS) for FY2020**: This is typically found in the income statement. The context does not provide this figure directly.

3. **Change in Inventory**: This is the difference between the inventory at the end of FY2020 and FY2019. Again, specific inventory figures are not provided in the context.

Given the lack of specific numerical data for accounts payable, COGS, and inventory, we cannot calculate the DPO directly from the provided information. If these figures were available, the DPO formula would be:
\[
\text{DPO} = 365 \times \frac{\text{Average Accounts Payable}}{\text{COGS FY2020} + \text{Change in Inventory}}
\]

Without the necessary data, the DPO cannot be calculated.",0.0,0.0,21.84
C0_baseline,67,Corning,CORNING_2021_10K,metrics-generated,"Taking into account the information outlined in the income statement, what is the FY2019 - FY2021 3 year average unadjusted operating income % margin for Corning? Answer in units of percents and round to one decimal place.",10.3%,"The operating income % margin for each year is calculated as follows:

- FY2019: Operating income = $1,306 million, Net sales = $11,503 million. Operating income % margin = ($1,306 / $11,503) * 100 = 11.4%
- FY2020: Operating income = $509 million, Net sales = $11,303 million. Operating income % margin = ($509 / $11,303) * 100 = 4.5%
- FY2021: Operating income = $2,112 million, Net sales = $14,082 million. Operating income % margin = ($2,112 / $14,082) * 100 = 15.0%

The 3-year average operating income % margin is:

(11.4% + 4.5% + 15.0%) / 3 = 10.3%

Therefore, the 3-year average unadjusted operating income % margin for Corning is 10.3%.",0.0381,1.0,20.42
C0_baseline,68,Corning,CORNING_2022_10K,domain-relevant,How much has the effective tax rate of Corning changed between FY2021 and FY2022?,The effective tax rate of Corning has changed from 20% in FY2021 to 23% in FY 2022.,The effective tax rate of Corning increased from 20.2% in FY2021 to 22.9% in FY2022.,0.7059,0.0,23.16
C0_baseline,69,Corning,CORNING_2022_10K,domain-relevant,"Does Corning have positive working capital based on FY2022 data? If working capital is not a useful or relevant metric for this company, then please state that and explain why.",Yes. Corning had a positive working capital amount of $831 million by FY 2022 close. This answer considers only operating current assets and current liabilities that were clearly shown in the balance sheet.,"The provided context does not include specific figures for current assets and current liabilities, which are necessary to calculate working capital. Working capital is calculated as current assets minus current liabilities. Without this information, we cannot determine if Corning has positive working capital based on FY2022 data. If the full financial statements were available, specifically the balance sheet, we could assess the working capital. However, based on the provided information, we cannot make this determination.",0.1852,0.0,3.48
C0_baseline,70,Costco,COSTCO_2021_10K,metrics-generated,"Using only the information within the balance sheet, how much total assets did Costco have at the end of FY2021? Answer in USD millions.",$59268.00,"$59,268 million",0.0,0.0,11.04
C0_baseline,71,CVS Health,CVSHEALTH_2018_10K,metrics-generated,What is the FY2018 fixed asset turnover ratio for CVS Health? Fixed asset turnover ratio is defined as: FY2018 revenue / (average PP&E between FY2017 and FY2018). Round your answer to two decimal places. Calculate what was asked by utilizing the line items clearly shown in the P&L statement and the balance sheet.,17.98,"To calculate the FY2018 fixed asset turnover ratio for CVS Health, we need the FY2018 revenue and the average property, plant, and equipment (PP&E) between FY2017 and FY2018.

1. **FY2018 Revenue**: According to the provided data, the total revenue for FY2018 is $194,579 million.

2. **PP&E for FY2017 and FY2018**:
   - PP&E at the end of FY2017: $10,292 million
   - PP&E at the end of FY2018: $11,349 million

3. **Average PP&E**: 
   \[
   \text{Average PP&E} = \frac{\text{PP&E at end of FY2017} + \text{PP&E at end of FY2018}}{2} = \frac{10,292 + 11,349}{2} = 10,820.5 \text{ million}
   \]

4. **Fixed Asset Turnover Ratio**:
   \[
   \text{Fixed Asset Turnover Ratio} = \frac{\text{FY2018 Revenue}}{\text{Average PP&E}} = \frac{194,579}{10,820.5} \approx 17.98
   \]

The FY2018 fixed asset turnover ratio for CVS Health is approximately 17.98.",0.0267,1.0,46.28
C0_baseline,72,CVS Health,CVSHEALTH_2022_10K,domain-relevant,Is CVS Health a capital-intensive business based on FY2022 data?,"Yes, CVS Health requires an extensive asset base to operate, which is evident from its ROA of only 1.82% in 2022 and 3.39% in 2021, though it should be noted that a significant portion of this asset base is goodwill, and CVS's fixed assets/total assets ratio is on the lower side of 5.6%.","Yes, CVS Health is a capital-intensive business. This is evident from its substantial investments in retail locations, medical clinics, and pharmacy services, as well as its significant financial figures, such as total assets of $228,275 million and total shareholders' equity of $71,315 million as of December 31, 2022. These figures indicate a large scale of operations and significant capital requirements to maintain and grow its business.",0.2205,0.0,41.01
C0_baseline,73,CVS Health,CVSHEALTH_2022_10K,domain-relevant,"Has CVS Health reported any materially important ongoing legal battles from 2022, 2021 and 2020?","Yes, CVS Health has been involved in multiple ongoing legal battles. Some notable legal dispute areas for CVS are: (1) usual and customary pricing litigation: where it's claimed that CVSâs retail pharmacies overcharged for prescription drugs; (2) PBM litigation and investigations: where it's claimed that that rebate agreements between the drug manufacturers and PBMs caused inflated prices for certain drug products; and (3) controlled substances litigation: legal matters around opioids for which CVS has agreed to pay up to $4.3 billion to claimants in remediation and $625 million to attorneys and fees","The provided context does not mention any ongoing legal battles involving CVS Health Corporation for the years 2022, 2021, and 2020.",0.1197,0.0,0.75
C0_baseline,74,CVS Health,CVSHEALTH_2022_10K,domain-relevant,Has CVS Health paid dividends to common shareholders in Q2 of FY2022?,"Yes, CVS paid a $ 0.55 dividend per share every quarter in FY2022","Yes, CVS Health paid dividends to common shareholders in Q2 of FY2022. The quarterly cash dividend declared by the Board was $0.55 per share in 2022.",0.4,0.0,0.9
C0_baseline,75,Foot Locker,FOOTLOCKER_2022_8K_dated_2022-08-19,novel-generated,Does Foot Locker's new CEO have previous CEO experience in a similar company to Footlocker?,Yes. She was previous CEO of Ulta Beauty which means she had to manage a large retail company that has brick and mortar + online business. So yes she was a CEO in a similar company to Foot Locker before this.,"Yes, Foot Locker's new CEO, Mary N. Dillon, has previous CEO experience at Ulta Beauty, a company in the retail sector, similar to Foot Locker.",0.3636,0.0,5.13
C0_baseline,76,Foot Locker,FOOTLOCKER_2022_8K_dated-2022-05-20,novel-generated,Were there any board member nominees who had substantially more votes against joining than the other nominees?,"Yes, his name is Richard A. Johnson","Yes, Richard A. Johnson had substantially more votes against him, with 16,105,005 votes against, compared to the other nominees.",0.2857,0.0,1.16
C0_baseline,77,General Mills,GENERALMILLS_2019_10K,metrics-generated,What is the FY2019 cash conversion cycle (CCC) for General Mills? CCC is defined as: DIO + DSO - DPO. DIO is defined as: 365 * (average inventory between FY2018 and FY2019) / (FY2019 COGS). DSO is defined as: 365 * (average accounts receivable between FY2018 and FY2019) / (FY2019 Revenue). DPO is defined as: 365 * (average accounts payable between FY2018 and FY2019) / (FY2019 COGS + change in inventory between FY2018 and FY2019). Round your answer to two decimal places. Address the question by using the line items and information shown within the income statement and the balance sheet.,-3.7,"To calculate the FY2019 cash conversion cycle (CCC) for General Mills, we need to determine the Days Inventory Outstanding (DIO), Days Sales Outstanding (DSO), and Days Payable Outstanding (DPO) using the provided formulas.

1. **DIO Calculation:**
   - Average Inventory = (FY2018 Inventory + FY2019 Inventory) / 2 = (1,642.2 + 1,559.3) / 2 = 1,600.75 million
   - FY2019 COGS = FY2019 Revenue - FY2019 Operating Profit = 16,865.2 - 2,515.9 = 14,349.3 million
   - DIO = 365 * (Average Inventory / FY2019 COGS) = 365 * (1,600.75 / 14,349.3) ≈ 40.73 days

2. **DSO Calculation:**
   - Average Receivables = (FY2018 Receivables + FY2019 Receivables) / 2 = (1,684.2 + 1,679.7) / 2 = 1,681.95 million
   - FY2019 Revenue = 16,865.2 million
   - DSO = 365 * (Average Receivables / FY2019 Revenue) = 365 * (1,681.95 / 16,865.2) ≈ 36.43 days

3. **DPO Calculation:**
   - Average Payables = (FY2018 Payables + FY2019 Payables) / 2 = (2,746.2 + 2,854.1) / 2 = 2,800.15 million
   - Change in Inventory = FY2019 Inventory - FY2018 Inventory = 1,559.3 - 1,642.2 = -82.9 million
   - Adjusted COGS = FY2019 COGS + Change in Inventory = 14,349.3 - 82.9 = 14,266.4 million
   - DPO = 365 * (Average Payables / Adjusted COGS) = 365 * (2,800.15 / 14,266.4) ≈ 71.67 days

4. **CCC Calculation:**
   - CCC = DIO + DSO - DPO = 40.73 + 36.43 - 71.67 ≈ 5.49 days

Therefore, the FY2019 cash conversion cycle (CCC) for General Mills is approximately 5.49 days.",0.0172,0.0,18.87
C0_baseline,78,General Mills,GENERALMILLS_2020_10K,metrics-generated,"By drawing conclusions from the information stated only in the statement of financial position, what is General Mills's FY2020 working capital ratio? Define working capital ratio as total current assets divided by total current liabilities. Round your answer to two decimal places.",0.68,"The working capital ratio for General Mills in FY2020 is calculated as total current assets divided by total current liabilities. From the consolidated balance sheets, the total current assets as of May 31, 2020, are $5,121.3 million, and the total current liabilities are $7,491.5 million. 

Working capital ratio = Total current assets / Total current liabilities = $5,121.3 million / $7,491.5 million = 0.68

Therefore, the working capital ratio for FY2020 is 0.68.",0.05,1.0,18.03
C0_baseline,79,General Mills,GENERALMILLS_2020_10K,metrics-generated,"According to the information provided in the statement of cash flows, what is the FY2020 free cash flow (FCF) for General Mills? FCF here is defined as: (cash from operations - capex). Answer in USD millions.",$3215.00,"The FY2020 free cash flow (FCF) for General Mills is $3,215.4 million.",0.0,0.0,3.84
C0_baseline,80,General Mills,GENERALMILLS_2022_10K,metrics-generated,We want to calculate a financial metric. Please help us compute it by basing your answers off of the cash flow statement and the income statement. Here's the question: what is the FY2022 retention ratio (using total cash dividends paid and net income attributable to shareholders) for General Mills? Round answer to two decimal places.,0.54,"The retention ratio is calculated as:

\[ \text{Retention Ratio} = 1 - \left(\frac{\text{Dividends Paid}}{\text{Net Income}}\right) \]

From the context provided:

- Total cash dividends paid in FY2022 = $1.2 billion
- Net earnings attributable to General Mills in FY2022 = $2,707.3 million

First, convert the dividends paid to the same unit as net income:

\[ \text{Dividends Paid} = 1,200 \text{ million} \]

Now, calculate the retention ratio:

\[ \text{Retention Ratio} = 1 - \left(\frac{1,200}{2,707.3}\right) \]

\[ \text{Retention Ratio} = 1 - 0.4433 \]

\[ \text{Retention Ratio} = 0.5567 \]

Rounded to two decimal places, the retention ratio is 0.56.",0.0192,0.0,24.22
C0_baseline,81,JPMorgan,JPMORGAN_2021Q1_10Q,novel-generated,Which of JPM's business segments had the lowest net revenue in 2021 Q1?,Corporate. Its net revenue was -$473 million.,"The Corporate segment had the lowest net revenue in 2021 Q1, with a net revenue of -$473 million.",0.4,0.0,20.77
C0_baseline,82,JPMorgan,JPMORGAN_2021Q1_10Q,novel-generated,"If JPM went bankrupted by the end by 2021 Q1 and liquidated all of its assets to pay its shareholders, how much could each shareholder get?",They could receive $66.56 per share.,"If JPMorgan Chase were to liquidate all of its assets to pay its shareholders by the end of Q1 2021, the amount each shareholder could receive would depend on the total common stockholders' equity. As of March 31, 2021, the total common stockholders' equity was $249.2 billion. The distribution per shareholder would depend on the number of outstanding shares at that time. Without the exact number of outstanding shares, we cannot determine the precise amount each shareholder would receive.",0.092,0.0,1.63
C0_baseline,83,JPMorgan,JPMORGAN_2022_10K,domain-relevant,"Are JPM's gross margins historically consistent (not fluctuating more than roughly 2% each year)? If gross margins are not a relevant metric for a company like this, then please state that and explain why.","Since JPM is a financial institution, gross margin is not a relevant metric.","Gross margins are not a relevant metric for a company like JPMorgan Chase, which operates primarily in the financial services sector. Instead, financial institutions like JPMorgan Chase focus on metrics such as net interest income, noninterest revenue, return on equity, and efficiency ratios to assess their financial performance. These metrics are more indicative of a bank's profitability and operational efficiency than gross margins, which are typically used to evaluate companies in manufacturing or retail sectors.",0.1348,0.0,48.91
C0_baseline,84,JPMorgan,JPMORGAN_2022Q2_10Q,novel-generated,"In 2022 Q2, which of JPM's business segments had the highest net income?",Corporate & Investment Bank. Its net income was $3725 million.,"In 2022 Q2, JPMorgan Chase's Consumer & Community Banking segment had the highest net income.",0.25,0.0,23.1
C0_baseline,85,JPMorgan,JPMORGAN_2023Q2_10Q,novel-generated,"Looking at VaR, did the risk that JPM faced in the second fiscal quarter of 2023 decrease compared to the same period in the prior year?",Yes. It decreased.,"Yes, the average total VaR decreased by $7 million for the three months ended June 30, 2023, compared to the same period in the prior year.",0.1379,0.0,26.33
C0_baseline,86,Kraft Heinz,KRAFTHEINZ_2019_10K,metrics-generated,What is Kraft Heinz's FY2019 inventory turnover ratio? Inventory turnover ratio is defined as: (FY2019 COGS) / (average inventory between FY2018 and FY2019). Round your answer to two decimal places. Please base your judgments on the information provided primarily in the balance sheet and the P&L statement.,6.25,ERROR: Stream has ended unexpectedly,0.0,0.0,0.0
C0_baseline,87,Lockheed Martin,LOCKHEEDMARTIN_2020_10K,metrics-generated,"We need to calculate a reasonable approximation (or exact number if possible) of a financial metric. Basing your judgment by information plainly provided in the balance sheet and the P&L statement, what is Lockheed Martin's FY2020 asset turnover ratio? Asset turnover ratio is defined as: FY2020 revenue / (average total assets between FY2019 and FY2020). Round your answer to two decimal places.",1.33,"To calculate the asset turnover ratio for Lockheed Martin for FY2020, we need to use the formula:

\[ \text{Asset Turnover Ratio} = \frac{\text{FY2020 Revenue}}{\text{Average Total Assets}} \]

1. **FY2020 Revenue**: From the Consolidated Statements of Earnings, the total net sales (revenue) for 2020 is $65,398 million.

2. **Average Total Assets**: 
   - Total assets at the end of 2019: $47,528 million
   - Total assets at the end of 2020: $50,710 million
   - Average Total Assets = \(\frac{47,528 + 50,710}{2} = 49,119\) million

Now, calculate the asset turnover ratio:

\[ \text{Asset Turnover Ratio} = \frac{65,398}{49,119} \approx 1.33 \]

Therefore, Lockheed Martin's FY2020 asset turnover ratio is approximately 1.33.",0.0342,1.0,29.03
C0_baseline,88,Lockheed Martin,LOCKHEEDMARTIN_2021_10K,metrics-generated,What is Lockheed Martin's FY2021 net working capital? Define net working capital as total current assets less total current liabilities. Answer in USD millions. Respond to the question by assuming the perspective of an investment analyst who can only use the details shown within the balance sheet.,$5818.00,"Lockheed Martin's FY2021 net working capital is calculated as total current assets minus total current liabilities. Based on the balance sheet provided:

Total current assets (2021) = $19,815 million  
Total current liabilities (2021) = $13,997 million  

Net working capital = Total current assets - Total current liabilities  
Net working capital = $19,815 million - $13,997 million = $5,818 million  

Therefore, Lockheed Martin's FY2021 net working capital is $5,818 million.",0.0,0.0,25.7
C0_baseline,89,Lockheed Martin,LOCKHEEDMARTIN_2022_10K,metrics-generated,What is Lockheed Martin's 2 year total revenue CAGR from FY2020 to FY2022 (in units of percents and round to one decimal place)? Provide a response to the question by primarily using the statement of income.,0.4%,"To calculate the 2-year total revenue Compound Annual Growth Rate (CAGR) from FY2020 to FY2022 for Lockheed Martin, we use the formula:

\[ \text{CAGR} = \left( \frac{\text{Ending Value}}{\text{Beginning Value}} \right)^{\frac{1}{n}} - 1 \]

where:
- Ending Value = Total net sales in 2022 = $65,984 million
- Beginning Value = Total net sales in 2020 = $65,398 million
- \( n \) = number of years = 2

Plugging in the values:

\[ \text{CAGR} = \left( \frac{65,984}{65,398} \right)^{\frac{1}{2}} - 1 \]

\[ \text{CAGR} = (1.00896)^{0.5} - 1 \]

\[ \text{CAGR} \approx 1.00448 - 1 \]

\[ \text{CAGR} \approx 0.00448 \]

Converting to percentage:

\[ \text{CAGR} \approx 0.448\% \]

Rounded to one decimal place, the 2-year total revenue CAGR from FY2020 to FY2022 is approximately 0.4%.",0.0312,1.0,17.74
C0_baseline,90,MGM Resorts,MGMRESORTS_2018_10K,metrics-generated,"Basing your judgments off of the balance sheet, what is the year end FY2018 amount of accounts payable for MGM Resorts? Answer in USD millions.",$303.00,The year-end FY2018 amount of accounts payable for MGM Resorts is $302.578 million.,0.0,0.0,30.82
C0_baseline,91,MGM Resorts,MGMRESORTS_2020_10K,metrics-generated,What is the FY2018 - FY2020 3 year average of capex as a % of revenue for MGM Resorts? Answer in units of percents and round to one decimal place. Please utilize information provided primarily within the statement of cash flows and the statement of income.,7.9%,"To calculate the 3-year average of capital expenditures (capex) as a percentage of revenue for MGM Resorts from FY2018 to FY2020, we need to determine the capex and revenue for each year and then calculate the percentage.

1. **Capex (from Cash Flows from Investing Activities):**
   - 2018: $(2,083,021) thousand
   - 2019: $3,519,434 thousand
   - 2020: $2,159,304 thousand

2. **Revenues (from Statement of Operations):**
   - 2018: $11,763,096 thousand
   - 2019: $12,899,672 thousand
   - 2020: $5,162,082 thousand

3. **Capex as a Percentage of Revenue:**
   - 2018: \((-2,083,021 / 11,763,096) \times 100 = -17.7\%\)
   - 2019: \((3,519,434 / 12,899,672) \times 100 = 27.3\%\)
   - 2020: \((2,159,304 / 5,162,082) \times 100 = 41.8\%\)

4. **3-Year Average Capex as a Percentage of Revenue:**
   - Average = \((-17.7 + 27.3 + 41.8) / 3 = 17.1\%\)

Therefore, the 3-year average of capex as a percentage of revenue for MGM Resorts from FY2018 to FY2020 is 17.1%.",0.012,0.0,27.42
C0_baseline,92,MGM Resorts,MGMRESORTS_2022_10K,domain-relevant,Has MGM Resorts paid dividends to common shareholders in FY2022?,Yes. MGM maintained 0.01$ per share annual dividend through out FY 2022.,"No, MGM Resorts did not pay dividends to common shareholders in FY2022. They maintained an annual dividend of $0.01 per share throughout 2022 but announced the suspension of ongoing dividends in February 2023.",0.2979,0.0,29.73
C0_baseline,93,MGM Resorts,MGMRESORTS_2023Q2_10Q,novel-generated,Which type of debt received the largest investment among the short term investments for MGM in H1 FY2023?,the biggest short term investment is in corporate bonds (almost 82% of the total investment),"Corporate bonds received the largest investment among the short-term investments for MGM in H1 FY2023, with an investment of $416,420,000.",0.3158,0.0,8.94
C0_baseline,94,Microsoft,MICROSOFT_2016_10K,metrics-generated,What is the FY2016 COGS for Microsoft? Please state answer in USD millions. Provide a response to the question by primarily using the statement of income.,$32780.00,"The Cost of Goods Sold (COGS) for Microsoft in fiscal year 2016 can be calculated by subtracting the gross margin from the total revenue. The total revenue for FY2016 was $85,320 million, and the gross margin was $52,540 million. Therefore, the COGS for FY2016 is:

COGS = Total Revenue - Gross Margin
COGS = $85,320 million - $52,540 million
COGS = $32,780 million

The FY2016 COGS for Microsoft is $32,780 million.",0.0,0.0,12.43
C0_baseline,95,Microsoft,MICROSOFT_2023_10K,domain-relevant,Has Microsoft increased its debt on balance sheet between FY2023 and the FY2022 period?,No. Microsoft decreased its debt by $2.5bn in FY 2023 vs FY 2022.,"No, Microsoft's total debt decreased from $49,781 million as of June 30, 2022, to $47,237 million as of June 30, 2023.",0.2105,0.0,22.15
C0_baseline,96,Netflix,NETFLIX_2015_10K,metrics-generated,We want to calculate a financial metric. Please help us compute it by basing your answers off of the statement of income and the statement of cash flows. Here's the question: what is the FY2015 unadjusted EBITDA % margin for Netflix? Calculate unadjusted EBITDA using unadjusted operating income and D&A (from cash flow statement).,5.4%,"To calculate the FY2015 unadjusted EBITDA % margin for Netflix, we need to determine the EBITDA and then express it as a percentage of total revenues.

1. **Operating Income (from the Statement of Operations):**  
   Operating Income for 2015 = $305,826 thousand

2. **Depreciation and Amortization (D&A) (from the Statement of Cash Flows):**  
   Depreciation and Amortization for 2015 = $62,283 thousand

3. **EBITDA Calculation:**  
   EBITDA = Operating Income + Depreciation and Amortization  
   EBITDA = $305,826 + $62,283 = $368,109 thousand

4. **Total Revenues (from the Statement of Operations):**  
   Total Revenues for 2015 = $6,779,511 thousand

5. **EBITDA % Margin Calculation:**  
   EBITDA % Margin = (EBITDA / Total Revenues) * 100  
   EBITDA % Margin = ($368,109 / $6,779,511) * 100 ≈ 5.43%

Therefore, the FY2015 unadjusted EBITDA % margin for Netflix is approximately 5.43%.",0.0157,0.0,8.52
C0_baseline,97,Netflix,NETFLIX_2017_10K,metrics-generated,What is Netflix's year end FY2017 total current liabilities (in USD millions)? Base your judgments on the information provided primarily in the balance sheet.,$5466.00,"Netflix's total current liabilities as of December 31, 2017, were $5,466,312,000, which is approximately $5,466 million.",0.0,0.0,7.41
C0_baseline,98,Nike,NIKE_2018_10K,metrics-generated,"We need to calculate a reasonable approximation (or exact number if possible) of a financial metric. Basing your judgment by information plainly provided in the statement of income, what is Nike's three year average of cost of goods sold as a % of revenue from FY2016 to FY2018? Answer in units of percents and round to one decimal place.",55.1%,"To calculate the three-year average of cost of goods sold (COGS) as a percentage of revenue for Nike from FY2016 to FY2018, we need to first determine the gross margin for each year and then derive the COGS percentage from it.

1. **Gross Margin** is given as a percentage of revenue:
   - FY2016: 46.2%
   - FY2017: 44.6%
   - FY2018: 43.8%

2. **COGS as a percentage of revenue** is calculated as:
   \[
   \text{COGS \%} = 100\% - \text{Gross Margin \%}
   \]

3. Calculate COGS percentage for each year:
   - FY2016: \(100\% - 46.2\% = 53.8\%\)
   - FY2017: \(100\% - 44.6\% = 55.4\%\)
   - FY2018: \(100\% - 43.8\% = 56.2\%\)

4. **Average COGS percentage** over the three years:
   \[
   \text{Average COGS \%} = \frac{53.8\% + 55.4\% + 56.2\%}{3} = \frac{165.4\%}{3} = 55.1\%
   \]

Therefore, Nike's three-year average of cost of goods sold as a percentage of revenue from FY2016 to FY2018 is 55.1%.",0.0263,1.0,15.37
C0_baseline,99,Nike,NIKE_2019_10K,metrics-generated,"According to the details clearly outlined within the balance sheet, how much total current assets did Nike have at the end of FY2019? Answer in USD millions.",$16525.00,"Nike had total current assets of $16,525 million at the end of FY2019.",0.0,0.0,13.32
C0_baseline,100,Nike,NIKE_2021_10K,metrics-generated,"When primarily referencing the income statement and the statement of financial position, what is the FY2021 inventory turnover ratio for Nike? Inventory turnover ratio is defined as: (FY2021 COGS) / (average inventory between FY2020 and FY2021). Round your answer to two decimal places.",3.46,"To calculate the inventory turnover ratio for FY2021, we need the Cost of Goods Sold (COGS) for FY2021 and the average inventory between FY2020 and FY2021.

1. **COGS for FY2021**: This information is not directly provided in the context, but it can be derived from the gross profit and revenue. Gross profit for FY2021 is $19,962 million, and total revenue is $44,538 million. Therefore, COGS = Revenue - Gross Profit = $44,538 million - $19,962 million = $24,576 million.

2. **Average Inventory**: 
   - Inventory for FY2020: $7,367 million
   - Inventory for FY2021: $6,854 million
   - Average Inventory = (FY2020 Inventory + FY2021 Inventory) / 2 = ($7,367 million + $6,854 million) / 2 = $7,110.5 million

3. **Inventory Turnover Ratio**: 
   - Inventory Turnover Ratio = COGS / Average Inventory = $24,576 million / $7,110.5 million ≈ 3.46

Therefore, the inventory turnover ratio for Nike in FY2021 is approximately 3.46.",0.0274,1.0,16.34
C0_baseline,101,Nike,NIKE_2023_10K,domain-relevant,"Among operations, investing, and financing activities, which brought in the most (or lost the least) cash flow for Nike in FY2023?","Among the three, cash flow from operations was the highest for Nike in FY2023.","In FY2023, operations brought in the most cash flow for Nike, with cash provided by operations amounting to $5,841 million.",0.2857,0.0,8.0
C0_baseline,102,Paypal,PAYPAL_2022_10K,domain-relevant,"Does Paypal have positive working capital based on FY2022 data? If working capital is not a useful or relevant metric for this company, then please state that and explain why.",Yes. Paypal has a positive working capital of $ 1.6Bn as of FY2022 end.,"Working capital is calculated as current assets minus current liabilities. However, for financial services companies like PayPal, traditional working capital analysis may not be as relevant or useful. This is because such companies often have significant amounts of customer funds and related liabilities that can distort the working capital calculation. Instead, these companies focus on liquidity and cash flow metrics to assess their financial health. Therefore, while PayPal's financial statements provide data on current assets and liabilities, working capital is not a particularly useful metric for evaluating the company's financial position.",0.0935,0.0,24.08
C0_baseline,103,PepsiCo,PEPSICO_2021_10K,metrics-generated,What is the FY2021 capital expenditure amount (in USD billions) for PepsiCo? Respond to the question by assuming the perspective of an investment analyst who can only use the details shown within the statement of cash flows.,$4.60,The FY2021 capital expenditure amount for PepsiCo is $4.625 billion.,0.1538,0.0,26.65
C0_baseline,104,PepsiCo,PEPSICO_2022_10K,domain-relevant,What are the geographies that Pepsico primarily operates in as of FY2022?,"As of FY2022, Pepsico primarily operates in the following geographies: North America, Latin America, Europe, Africa, Middle East, South Asia, Asia Pacific, Australia, New Zealand and China.","As of FY2022, PepsiCo primarily operates in North America, Latin America, Europe, Asia, the Middle East, and Africa.",0.6667,0.0,28.7
C0_baseline,105,PepsiCo,PEPSICO_2022_10K,domain-relevant,Has Pepsico reported any materially important ongoing legal battles from FY2022 and FY2021?,"No, Pepsico is not involved in material legal battles.",The provided document does not mention any ongoing legal battles from FY2022 and FY2021 for PepsiCo.,0.24,0.0,0.76
C0_baseline,106,PepsiCo,PEPSICO_2022_10K,domain-relevant,What is the quantity of restructuring costs directly outlined in Pepsico's income statements for FY2022? If restructuring costs are not explicitly outlined then state 0.,Pepsico's restructuring costs in FY2022 amounted to $411 million .,411 million,0.3333,0.0,0.64
C0_baseline,107,PepsiCo,PEPSICO_2022_10K,metrics-generated,What is the FY2022 unadjusted EBITDA less capex for PepsiCo? Define unadjusted EBITDA as unadjusted operating income + depreciation and amortization [from cash flow statement]. Answer in USD millions. Respond to the question by assuming the perspective of an investment analyst who can only use the details shown within the statement of cash flows and the income statement.,$9068.00,"To calculate the FY2022 unadjusted EBITDA less capex for PepsiCo, we need to follow these steps:

1. **Unadjusted Operating Income**: This is not directly provided, but we can use the net income and add back interest, taxes, and other non-operating items if available. However, since we only have net income, we will use it as a proxy for operating income.

2. **Depreciation and Amortization**: This is provided in the context as $78 million for 2022.

3. **Capital Expenditures (Capex)**: This is not directly provided in the context, so we cannot subtract it.

Given the limitations of the provided data, we can only calculate the unadjusted EBITDA as follows:

- **Net Income for 2022**: $8,978 million
- **Depreciation and Amortization for 2022**: $78 million

**Unadjusted EBITDA** = Net Income + Depreciation and Amortization = $8,978 million + $78 million = $9,056 million

Since Capex is not provided, we cannot calculate ""unadjusted EBITDA less capex."" Therefore, based on the available information, the unadjusted EBITDA for FY2022 is $9,056 million.",0.0,0.0,2.46
C0_baseline,108,PepsiCo,PEPSICO_2022_10K,metrics-generated,What is the FY2022 unadjusted EBITDA % margin for PepsiCo? Calculate unadjusted EBITDA using unadjusted operating income and D&A (from cash flow statement). Give a response to the question by relying on the details shown in the statement of cash flows and the P&L statement.,16.5%,"To calculate the FY2022 unadjusted EBITDA % margin for PepsiCo, we need to determine the unadjusted EBITDA and then divide it by the total revenue for the year.

1. **Unadjusted EBITDA Calculation:**
   - **Operating Income (Unadjusted):** This is not directly provided in the context, but it can be inferred from the net income and other comprehensive income details. However, for simplicity, let's assume operating income is equivalent to net income plus other charges that affect operating income.
   - **Depreciation and Amortization (D&A):** $2,763 million (from the cash flow statement).

   Assuming operating income is approximately equal to net income (since specific operating income is not provided), we use:
   - **Net Income:** $8,978 million

   Therefore, **Unadjusted EBITDA** = Net Income + D&A = $8,978 million + $2,763 million = $11,741 million.

2. **Revenue for FY2022:**
   - The revenue is not directly provided in the context, but it is necessary to calculate the EBITDA margin. For the sake of this calculation, let's assume a hypothetical revenue figure or use a typical revenue figure from PepsiCo's historical data. However, since the exact revenue is not provided, we cannot calculate the exact EBITDA margin.

3. **EBITDA % Margin Calculation:**
   - **EBITDA % Margin** = (Unadjusted EBITDA / Total Revenue) * 100

Without the exact revenue figure, we cannot compute the precise EBITDA % margin. If you have the revenue figure, you can plug it into the formula above to get the margin.",0.0,0.0,4.47
C0_baseline,109,PepsiCo,PEPSICO_2023_8K_dated-2023-05-05,novel-generated,"At the Pepsico AGM held on May 3, 2023, what was the outcome of the shareholder vote on the shareholder proposal for a congruency report by Pepsico on net-zero emissions policies?",The shareholder proposal for a congruency report by Pepsico on net-zero emissions policies was defeated.,The shareholder proposal for a congruency report on net-zero emissions policies was defeated.,0.9333,0.0,1.14
C0_baseline,110,PepsiCo,PEPSICO_2023_8K_dated-2023-05-30,novel-generated,"By how much did Pepsico increase its unsecured five year revolving credit agreement on May 26, 2023?","$400,000,000 increase.","PepsiCo increased its unsecured five-year revolving credit agreement by $400,000,000 on May 26, 2023, from $3,800,000,000 to $4,200,000,000.",0.1935,0.0,26.66
C0_baseline,111,PepsiCo,PEPSICO_2023_8K_dated-2023-05-30,novel-generated,"As of May 26, 2023, what is the total amount Pepsico may borrow under its unsecured revolving credit agreements?","Total amount Pepsico may borrow under unsecured revolving credit agreements = $8,400,000,000.","As of May 26, 2023, PepsiCo may borrow a total of $8,400,000,000 under its unsecured revolving credit agreements, which includes $4,200,000,000 from the 2023 Five Year Credit Agreement and $4,200,000,000 from the 2023 364 Day Credit Agreement.",0.3333,0.0,1.33
C0_baseline,112,PepsiCo,PEPSICO_2023Q1_EARNINGS,novel-generated,"As of FY2023Q1, why did Pepsico raise full year guidance for FY2023?",Pepsico experienced a strong start to FY2023.,ERROR: Stream has ended unexpectedly,0.0,0.0,0.0
C0_baseline,113,PepsiCo,PEPSICO_2023Q1_EARNINGS,novel-generated,"As of FY2023Q1, by how many percentage points did Pepsico raise full year guidance in respect of core constant currency EPS growth?",Pepsico raised full year guidance in respect of core constant currency EPS growth by 1 percentage point.,ERROR: Stream has ended unexpectedly,0.0,0.0,0.0
C0_baseline,114,Pfizer,PFIZER_2021_10K,novel-generated,Did Pfizer grow its PPNE between FY20 and FY21?,"Yes, change in PPNE was positive year over year","Yes, Pfizer's Property, Plant, and Equipment (PP&E) increased between FY20 and FY21. The total liabilities and equity section of the balance sheet shows an increase in total equity from $63,473 million in 2020 to $77,462 million in 2021, which suggests growth in assets, including PP&E.",0.0678,0.0,17.98
C0_baseline,115,Pfizer,PFIZER_2021_10K,novel-generated,Were there any potential events that are not in Pfizer's standard business operations that substantially increased net income in 2019?,"Yes, the gain on completion of Consumer Healthcare JV Transaction","Yes, in 2019, Pfizer's net income was substantially increased by a gain of $8,107 million from the completion of the Consumer Healthcare JV transaction, which is not part of Pfizer's standard business operations.",0.3478,0.0,2.31
C0_baseline,116,Pfizer,PFIZER_2021_10K,novel-generated,What are three main companies acquired by Pfizer mentioned in this 10K report?,"Trillium, Array, and Therachon","The 10-K report does not explicitly mention specific companies acquired by Pfizer. However, it does mention the completion of the spin-off of the Upjohn Business and the termination of the Mylan-Japan collaboration, which were part of strategic restructuring activities. For specific acquisitions, you would need to refer to other sections of the report or additional company announcements.",0.0312,0.0,2.59
C0_baseline,117,Pfizer,Pfizer_2023Q2_10Q,novel-generated,How much does Pfizer expect to pay to spin off Upjohn in the future in USD million?,77.78,"The provided context does not specify any expected payment by Pfizer to spin off Upjohn. Therefore, based on the given information, there is no expected payment amount mentioned for the spin-off of Upjohn.",0.0,0.0,15.19
C0_baseline,118,Pfizer,Pfizer_2023Q2_10Q,novel-generated,"For Pfizer, which geographic region had the biggest drop in Q22023 year over year revenues (on a percentage basis)?",Developed Rest of the World,"The International region had the biggest drop in Q2 2023 year-over-year revenues, with a 60% decline.",0.087,0.0,0.91
C0_baseline,119,Pfizer,Pfizer_2023Q2_10Q,novel-generated,"As of Q2'2023, is Pfizer spinning off any large business segments?","Yes, it's spinning off Upjohn.","As of Q2 2023, Pfizer is not spinning off any large business segments.",0.2105,0.0,2.06
C0_baseline,120,Ulta Beauty,ULTABEAUTY_2023_10K,domain-relevant,Which debt securities are registered to trade on a national securities exchange under Ulta Beauty's name as of FY2023?,There are none,"As of FY2023, Ulta Beauty does not have any debt securities registered to trade on a national securities exchange. The only security registered is common stock, which trades under the symbol ""ULTA"" on The NASDAQ Global Select Market.",0.0,0.0,16.12
C0_baseline,121,Ulta Beauty,ULTABEAUTY_2023_10K,domain-relevant,What are major acquisitions that Ulta Beauty has done in FY2023 and FY2022?,Ulta Beauty did not make any acquisitions in FY2023 and FY2022.,The provided context does not mention any major acquisitions by Ulta Beauty in fiscal years 2023 or 2022.,0.2759,0.0,0.78
C0_baseline,122,Ulta Beauty,ULTABEAUTY_2023Q4_EARNINGS,novel-generated,What drove the reduction in SG&A expense as a percent of net sales in FY2023?,"Lower marketing expenses and leverage of incentive compensation due to higher sales. The answer here assumes FY2023 refers to the 12 months ended on January 28, 2023 (although the company refers to this period as its fiscal 2022.",The reduction in SG&A expense as a percentage of net sales in FY2023 was primarily driven by lower marketing expenses and the leverage of incentive compensation due to higher sales.,0.3478,0.0,8.75
C0_baseline,123,Ulta Beauty,ULTABEAUTY_2023Q4_EARNINGS,novel-generated,What drove the increase in Ulta Beauty's merchandise inventories balance at end of FY2023?,"Increase in Merchandise inventories balance was driven by the opening of 47 new stores. The answer here assumes FY2023 refers to the 12 months ended on January 28, 2023 (although the company refers to this period as its fiscal 2022.","The increase in Ulta Beauty's merchandise inventories balance at the end of FY2023 was primarily driven by the favorable impact from the continued resilience of the beauty category, retail price increases, and the introduction of new brands and product innovations.",0.2963,0.0,38.92
C0_baseline,124,Ulta Beauty,ULTABEAUTY_2023Q4_EARNINGS,novel-generated,What percent of Ulta Beauty's total spend on stock repurchases for FY 2023 occurred in Q4 of FY2023?,"36%. The answer here assumes FY2023 refers to the 12 months ended on January 28, 2023 (although the company refers to this period as its fiscal 2022.","In fiscal year 2022, Ulta Beauty spent a total of $900.0 million on stock repurchases. During the fourth quarter of fiscal 2022, the company repurchased shares at a cost of $328.1 million. To find the percentage of the total annual stock repurchase spend that occurred in the fourth quarter, you can use the following calculation:

\[
\text{Percentage} = \left( \frac{\text{Q4 Repurchase Spend}}{\text{Total FY Repurchase Spend}} \right) \times 100
\]

\[
\text{Percentage} = \left( \frac{328.1}{900.0} \right) \times 100 \approx 36.46\%
\]

Therefore, approximately 36.46% of Ulta Beauty's total spend on stock repurchases for fiscal year 2022 occurred in the fourth quarter.",0.0882,0.0,2.71
C0_baseline,125,Ulta Beauty,ULTABEAUTY_2023Q4_EARNINGS,novel-generated,Did Ulta Beauty's wages expense as a percent of net sales increase or decrease in FY2023?,"Wages expense as a percent of net sales increased in FY2023. The answer here assumes FY2023 refers to the 12 months ended on January 28, 2023 (although the company refers to this period as its fiscal 2022.","Ulta Beauty's wages expense as a percent of net sales decreased in FY2023. The selling, general, and administrative expenses were 23.6% of net sales in FY2023 compared to 23.8% in FY2022.",0.3662,0.0,0.79
C0_baseline,126,Verizon,VERIZON_2021_10K,novel-generated,"Among all of the derivative instruments that Verizon used to manage the exposure to fluctuations of foreign currencies exchange rates or interest rates, which one had the highest notional value in FY 2021?","Cross currency swaps. Its notional value was $32,502 million.","Cross currency swaps had the highest notional value in FY 2021, with a total notional amount of $32.5 billion.",0.4,0.0,36.68
C0_baseline,127,Verizon,VERIZON_2021_10K,novel-generated,"As of FY 2021, how much did Verizon expect to pay for its retirees in 2024?","The estimated pension benefits were $1097 million, and the estimated health care and life insurance benefits were $862 million.",The document does not provide specific information on the exact amount Verizon expected to pay for its retirees in 2024.,0.1026,0.0,0.55
C0_baseline,128,Verizon,VERIZON_2022_10K,domain-relevant,"Does Verizon have a reasonably healthy liquidity profile based on its quick ratio for FY 2022? If the quick ratio is not relevant to measure liquidity, please state that and explain why.",No. The quick ratio was approximately 0.54 for Verizon. It indicated that Verizon does not have a healthy liquidity profile.,"The quick ratio is a measure of a company's ability to meet its short-term obligations using its most liquid assets, typically calculated as (Current Assets - Inventories) / Current Liabilities. However, the provided context does not include specific figures for Verizon's current assets, inventories, or current liabilities, which are necessary to calculate the quick ratio.

Based on the information given, Verizon appears to have a reasonably healthy liquidity profile, as it states that its sources of funds, primarily from operations and external financing arrangements, are sufficient to meet ongoing operating and investing requirements over the next 12 months and beyond. Additionally, Verizon has a cash and cash equivalents balance of $2.6 billion as of December 31, 2022.

Without the specific figures needed to calculate the quick ratio, it is not possible to directly assess Verizon's liquidity using this metric. However, the narrative suggests that Verizon maintains a healthy liquidity position.",0.1379,0.0,11.72
C0_baseline,129,Verizon,VERIZON_2022_10K,domain-relevant,Is Verizon a capital intensive business based on FY 2022 data?,"Yes. Verizon's capital intensity ratio was approximately 2.774729. This means that it took approximately $2.77 of assets to generate $1 of revenue and thus, Verizon can be considered capital intensive.","Yes, Verizon is a capital-intensive business based on FY 2022 data. This is evidenced by their significant capital expenditures of $23.1 billion during the year, which includes investments in wireless networks, high-speed fiber, and other advanced technologies.",0.2192,0.0,0.88
C0_baseline,130,Verizon,VERIZON_2022_10K,domain-relevant,Has Verizon increased its debt on balance sheet between 2022 and the 2021 fiscal period?,No. Verizon's debt decreased by $229 million.,"No, Verizon's total debt decreased slightly from $150.868 billion in 2021 to $150.639 billion in 2022.",0.3704,0.0,0.85
